client_id;name;inn;opf;sno;nds;psn;employees;gph;kassa;ved;prop;alco;mark;op;accountant;assistant;payroll;chief;manager;tariff;advance_day;salary_day;status;start_date
CL-001;ООО «Северный Ветер»;7701234567;ООО;ОСНО;1;0;14;1;0;1;1;0;1;0;Иванова А.С.;Дудко М.Н.;Петрова М.И.;Смирнова О.В.;Ким Ю.А.;Полный;20;5;active;2023-02-01
CL-002;ООО «Уютный Дом»;7702345678;ООО;УСН-ДР;0;0;6;0;1;0;1;0;1;0;Иванова А.С.;Дудко М.Н.;Петрова М.И.;Смирнова О.В.;Ким Ю.А.;Стандарт;20;5;active;2024-06-01
CL-003;ИП Кузнецов Д.А.;771234567890;ИП;УСН-Д;0;0;0;0;1;0;0;0;0;0;Иванова А.С.;Дудко М.Н.;;Смирнова О.В.;Ким Ю.А.;Базовый;0;0;active;2025-01-10
CL-004;ООО «ТехСервис Плюс»;7703456789;ООО;УСН-Д;1;0;22;1;0;0;0;0;0;1;Соколов П.Р.;Котова Е.С.;Петрова М.И.;Смирнова О.В.;Хворостинская О.П.;Полный;20;5;active;2022-09-01
CL-005;ИП Морозова Е.В.;772345678901;ИП;ПСН;0;0;3;0;1;0;0;0;1;0;Соколов П.Р.;Котова Е.С.;Петрова М.И.;Смирнова О.В.;Хворостинская О.П.;Стандарт;25;10;active;2024-03-01
CL-006;ООО «Гранд Логистика»;7704567890;ООО;ОСНО;1;0;35;1;0;0;1;0;0;1;Соколов П.Р.;Котова Е.С.;Волкова Н.Ю.;Смирнова О.В.;Хворостинская О.П.;Полный;20;5;active;2021-04-01
CL-007;ООО «Бар Панорама»;7705678901;ООО;УСН-ДР;0;0;11;1;1;0;0;1;0;0;Лебедева К.М.;Шевцова С.В.;Волкова Н.Ю.;Смирнова О.В.;Дудко М.Н.;Полный;25;10;active;2023-11-01
CL-008;ИП Новиков С.С.;773456789012;ИП;УСН-ДР;0;1;2;1;1;0;0;0;1;0;Лебедева К.М.;Шевцова С.В.;Волкова Н.Ю.;Смирнова О.В.;Дудко М.Н.;Стандарт;20;5;active;2025-05-01
CL-009;ООО «МедиаЛаб»;7706789012;ООО;УСН-Д;0;0;8;1;0;0;0;0;0;0;Лебедева К.М.;Шевцова С.В.;Волкова Н.Ю.;Смирнова О.В.;Дудко М.Н.;Стандарт;20;5;active;2024-01-15
CL-010;ООО «Импорт Трейд»;7707890123;ООО;ОСНО;1;0;5;0;0;1;0;0;1;0;Иванова А.С.;Дудко М.Н.;Петрова М.И.;Смирнова О.В.;Ким Ю.А.;Полный;20;5;active;2025-02-01
